Signal Length,Bits Per Pixel,Quantization Step Size,Sparse Representation Size,Wavelet Coefficients Size,Number of Non-Zero Coefficients
16,0.047619,2552.273926,"1x42 float","1x42 float",2
48,0.049383,2853.577393,"1x81 float","1x81 float",4
80,0.050000,3419.297363,"1x120 float","1x120 float",6
112,0.046358,2340.208496,"1x151 float","1x151 float",7
144,0.047120,3097.287109,"1x191 float","1x191 float",9
176,0.072072,3609.959961,"1x222 float","1x222 float",8
208,0.031496,3642.723633,"1x254 float","1x254 float",8
240,0.049123,4012.030518,"1x285 float","1x285 float",7
272,0.049080,3648.070801,"1x326 float","1x326 float",8
304,0.050420,8245.544922,"1x357 float","1x357 float",9
336,0.046272,2437.994385,"1x389 float","1x389 float",9
368,0.052381,4517.753906,"1x420 float","1x420 float",11
400,0.048565,3328.212402,"1x453 float","1x453 float",11
432,0.049587,3467.968994,"1x484 float","1x484 float",12
464,0.046512,3109.493652,"1x516 float","1x516 float",12
496,0.051188,3529.704102,"1x547 float","1x547 float",14
528,0.045840,3690.740723,"1x589 float","1x589 float",9
560,0.048387,4439.363281,"1x620 float","1x620 float",10
592,0.050613,4431.323730,"1x652 float","1x652 float",11
624,0.048316,4186.448242,"1x683 float","1x683 float",11
656,0.046089,4499.738281,"1x716 float","1x716 float",11
688,0.048193,2100.084717,"1x747 float","1x747 float",12
720,0.046213,3527.063477,"1x779 float","1x779 float",12
752,0.055556,5614.241211,"1x810 float","1x810 float",15
784,0.053318,6133.397949,"1x844 float","1x844 float",15
816,0.048000,2051.675293,"1x875 float","1x875 float",14
848,0.049614,2043.903198,"1x907 float","1x907 float",15
880,0.054371,5933.083008,"1x938 float","1x938 float",17
912,0.052523,4421.441406,"1x971 float","1x971 float",17
944,0.047904,2072.753906,"1x1002 float","1x1002 float",16
976,0.052224,4067.029297,"1x1034 float","1x1034 float",18
1008,0.045070,2109.386963,"1x1065 float","1x1065 float",16
1040,0.046931,3795.366699,"1x1108 float","1x1108 float",13
1072,0.045654,4388.966309,"1x1139 float","1x1139 float",13
1104,0.047822,6450.823242,"1x1171 float","1x1171 float",14
1136,0.044925,4646.725586,"1x1202 float","1x1202 float",18
1168,0.045344,3768.878174,"1x1235 float","1x1235 float",14
1200,0.047393,4916.638672,"1x1266 float","1x1266 float",20
1232,0.046225,4483.093750,"1x1298 float","1x1298 float",15
1264,0.048157,3650.716064,"1x1329 float","1x1329 float",16
1296,0.052825,5129.990234,"1x1363 float","1x1363 float",18
1328,0.054519,5144.571289,"1x1394 float","1x1394 float",19
1360,0.047686,3742.501709,"1x1426 float","1x1426 float",17
1392,0.054907,4432.711914,"1x1457 float","1x1457 float",20
1424,0.045638,3827.142334,"1x1490 float","1x1490 float",17
1456,0.049967,4080.169922,"1x1521 float","1x1521 float",19
1488,0.051513,4591.282227,"1x1553 float","1x1553 float",20
1520,0.053030,5306.421387,"1x1584 float","1x1584 float",21
1552,0.049413,4317.576172,"1x1619 float","1x1619 float",20
1584,0.050909,4469.846191,"1x1650 float","1x1650 float",21
1616,0.052319,4382.044922,"1x1682 float","1x1682 float",22
1648,0.053707,4443.293945,"1x1713 float","1x1713 float",23
1680,0.050401,4390.472656,"1x1746 float","1x1746 float",22
1712,0.051773,4302.481445,"1x1777 float","1x1777 float",23
1744,0.053068,4326.266602,"1x1809 float","1x1809 float",24
1776,0.047826,3951.575195,"1x1840 float","1x1840 float",22
1808,0.051227,4380.140137,"1x1874 float","1x1874 float",24
1840,0.046194,4029.543213,"1x1905 float","1x1905 float",22
1872,0.051626,4370.936035,"1x1937 float","1x1937 float",25
1904,0.053354,4759.862793,"1x1968 float","1x1968 float",21
1936,0.051974,4412.839844,"1x2001 float","1x2001 float",26
1968,0.045276,3730.624512,"1x2032 float","1x2032 float",23
2000,0.054264,4318.188477,"1x2064 float","1x2064 float",28
2032,0.049642,3945.705811,"1x2095 float","1x2095 float",26
2064,0.054231,6545.532227,"1x2139 float","1x2139 float",29
2096,0.051613,6320.462402,"1x2170 float","1x2170 float",28
2128,0.050863,4535.746094,"1x2202 float","1x2202 float",28
2160,0.048365,2126.117188,"1x2233 float","1x2233 float",27
2192,0.051192,6352.781250,"1x2266 float","1x2266 float",29
2224,0.050501,6365.275391,"1x2297 float","1x2297 float",29
2256,0.046372,4102.237793,"1x2329 float","1x2329 float",27
2288,0.052966,4948.463867,"1x2360 float","1x2360 float",25
2320,0.053467,4514.292969,"1x2394 float","1x2394 float",32
2352,0.054433,6421.772461,"1x2425 float","1x2425 float",33
2384,0.047212,4358.075195,"1x2457 float","1x2457 float",29
2416,0.048232,2128.285889,"1x2488 float","1x2488 float",30
2448,0.053947,6546.880371,"1x2521 float","1x2521 float",34
2480,0.045455,2130.267334,"1x2552 float","1x2552 float",29
2512,0.051084,6285.121094,"1x2584 float","1x2584 float",33
2544,0.050478,6331.882324,"1x2615 float","1x2615 float",33
2576,0.045283,4045.596191,"1x2650 float","1x2650 float",30
2608,0.049235,2125.908203,"1x2681 float","1x2681 float",33
2640,0.048655,2141.157227,"1x2713 float","1x2713 float",33
2672,0.045190,4153.961426,"1x2744 float","1x2744 float",31
2704,0.054015,5751.700195,"1x2777 float","1x2777 float",30
2736,0.045584,4477.474609,"1x2808 float","1x2808 float",32
2768,0.045070,2152.795654,"1x2840 float","1x2840 float",32
2800,0.048763,2139.670410,"1x2871 float","1x2871 float",35
2832,0.045439,4084.380859,"1x2905 float","1x2905 float",33
2864,0.046322,2148.421631,"1x2936 float","1x2936 float",34
2896,0.045822,4068.974365,"1x2968 float","1x2968 float",34
2928,0.045348,4087.470703,"1x2999 float","1x2999 float",34
2960,0.044855,4056.324707,"1x3032 float","1x3032 float",34
2992,0.053869,4047.448486,"1x3063 float","1x3063 float",33
3024,0.045234,2162.906006,"1x3095 float","1x3095 float",35
3056,0.055982,4090.289551,"1x3126 float","1x3126 float",35
3088,0.049020,4896.758789,"1x3162 float","1x3162 float",31
3120,0.047604,2145.392822,"1x3193 float","1x3193 float",38
3152,0.044651,4056.028809,"1x3225 float","1x3225 float",36
3184,0.045455,4081.533447,"1x3256 float","1x3256 float",37
3216,0.054728,4205.765137,"1x3289 float","1x3289 float",36
3248,0.052711,4193.708984,"1x3320 float","1x3320 float",35
3280,0.053699,4173.831543,"1x3352 float","1x3352 float",36
3312,0.051729,4181.568848,"1x3383 float","1x3383 float",35
3344,0.051215,4194.662109,"1x3417 float","1x3417 float",35
3376,0.049304,3927.265625,"1x3448 float","1x3448 float",34
3408,0.050287,4211.029297,"1x3480 float","1x3480 float",35
3440,0.054116,4096.047363,"1x3511 float","1x3511 float",38
3472,0.053612,4105.180664,"1x3544 float","1x3544 float",38
3504,0.046154,4699.539062,"1x3575 float","1x3575 float",33
3536,0.045467,4076.860107,"1x3607 float","1x3607 float",41
3568,0.048103,3919.972656,"1x3638 float","1x3638 float",35
3600,0.051729,4224.097168,"1x3673 float","1x3673 float",38
3632,0.047246,3941.861328,"1x3704 float","1x3704 float",35
3664,0.049518,3913.104980,"1x3736 float","1x3736 float",37
3696,0.050438,4197.693359,"1x3767 float","1x3767 float",38
3728,0.047368,3940.293457,"1x3800 float","1x3800 float",36
3760,0.053511,4066.136230,"1x3831 float","1x3831 float",41
3792,0.053068,4093.332031,"1x3863 float","1x3863 float",41
3824,0.052645,4104.984863,"1x3894 float","1x3894 float",41
3856,0.052189,4596.517578,"1x3928 float","1x3928 float",41
3888,0.054307,4172.648438,"1x3959 float","1x3959 float",43
3920,0.051366,4198.763184,"1x3991 float","1x3991 float",41
3952,0.048483,3916.848389,"1x4022 float","1x4022 float",39
3984,0.050555,4218.315918,"1x4055 float","1x4055 float",41
4016,0.053842,4057.173096,"1x4086 float","1x4086 float",44
4048,0.049781,3896.208008,"1x4118 float","1x4118 float",41
4080,0.046999,3922.705566,"1x4149 float","1x4149 float",39
4112,0.051264,4287.968750,"1x4194 float","1x4194 float",43
4144,0.047337,4021.111328,"1x4225 float","1x4225 float",40
4176,0.045807,3962.285645,"1x4257 float","1x4257 float",39
4208,0.046642,3938.177734,"1x4288 float","1x4288 float",40
4240,0.052071,4206.698242,"1x4321 float","1x4321 float",45
4272,0.050551,4679.705078,"1x4352 float","1x4352 float",44
4304,0.045620,3710.339355,"1x4384 float","1x4384 float",40
4336,0.045300,4002.480713,"1x4415 float","1x4415 float",40
4368,0.048325,3954.386719,"1x4449 float","1x4449 float",43
4400,0.046875,3967.027100,"1x4480 float","1x4480 float",42
4432,0.048759,4076.741455,"1x4512 float","1x4512 float",44
4464,0.053929,4186.694336,"1x4543 float","1x4543 float",49
4496,0.049170,3938.062988,"1x4576 float","1x4576 float",45
4528,0.046668,3968.308838,"1x4607 float","1x4607 float",43
4560,0.046346,4036.930420,"1x4639 float","1x4639 float",43
4592,0.046039,3946.001465,"1x4670 float","1x4670 float",43
4624,0.045696,3934.449463,"1x4705 float","1x4705 float",43
4656,0.053843,4227.487305,"1x4736 float","1x4736 float",51
4688,0.048238,4050.862061,"1x4768 float","1x4768 float",46
4720,0.053136,4297.996094,"1x4799 float","1x4799 float",51
4752,0.053808,4168.051758,"1x4832 float","1x4832 float",52
4784,0.047296,3954.569824,"1x4863 float","1x4863 float",46
4816,0.052094,4200.713867,"1x4895 float","1x4895 float",51
4848,0.045676,4063.924561,"1x4926 float","1x4926 float",45
4880,0.051411,4196.179199,"1x4960 float","1x4960 float",51
4912,0.052094,4173.016113,"1x4991 float","1x4991 float",52
4944,0.054748,4173.265137,"1x5023 float","1x5023 float",55
4976,0.053423,4178.316895,"1x5054 float","1x5054 float",54
5008,0.045213,3937.501465,"1x5087 float","1x5087 float",46
5040,0.052755,4189.320801,"1x5118 float","1x5118 float",54
5072,0.045631,4432.694824,"1x5150 float","1x5150 float",47
5104,0.054044,4290.223633,"1x5181 float","1x5181 float",56
5136,0.051754,4202.250488,"1x5217 float","1x5217 float",54
5168,0.051448,4201.304688,"1x5248 float","1x5248 float",54
5200,0.052083,4198.941406,"1x5280 float","1x5280 float",55
5232,0.053662,4239.433594,"1x5311 float","1x5311 float",57
5264,0.053331,4224.140625,"1x5344 float","1x5344 float",57
5296,0.049302,3425.690430,"1x5375 float","1x5375 float",53
5328,0.051785,4181.162109,"1x5407 float","1x5407 float",56
5360,0.047812,3432.359863,"1x5438 float","1x5438 float",52
5392,0.049342,3954.294922,"1x5472 float","1x5472 float",54
5424,0.047247,3441.834473,"1x5503 float","1x5503 float",52
5456,0.052394,4470.179688,"1x5535 float","1x5535 float",58
5488,0.053000,4319.271973,"1x5566 float","1x5566 float",59
5520,0.050009,4186.458984,"1x5599 float","1x5599 float",56
5552,0.049734,3889.107178,"1x5630 float","1x5630 float",56
5584,0.049452,3431.284668,"1x5662 float","1x5662 float",56
5616,0.054453,4226.901855,"1x5693 float","1x5693 float",62
5648,0.050628,4191.112305,"1x5728 float","1x5728 float",58
5680,0.049488,3424.690430,"1x5759 float","1x5759 float",57
5712,0.048351,3431.993164,"1x5791 float","1x5791 float",56
5744,0.052387,4186.733398,"1x5822 float","1x5822 float",61
5776,0.050384,4205.595703,"1x5855 float","1x5855 float",59
5808,0.046721,3452.646973,"1x5886 float","1x5886 float",55
5840,0.049848,4034.715576,"1x5918 float","1x5918 float",59
5872,0.046226,3991.112061,"1x5949 float","1x5949 float",55
5904,0.050978,4190.256836,"1x5983 float","1x5983 float",61
5936,0.053209,4195.304688,"1x6014 float","1x6014 float",64
5968,0.048793,3441.305176,"1x6046 float","1x6046 float",59
6000,0.051835,4198.989258,"1x6077 float","1x6077 float",63
6032,0.048282,3430.523926,"1x6110 float","1x6110 float",59
6064,0.049666,3438.017090,"1x6141 float","1x6141 float",61
6096,0.048599,3444.439453,"1x6173 float","1x6173 float",60
6128,0.047550,3444.449707,"1x6204 float","1x6204 float",59
6160,0.049672,3461.253662,"1x6241 float","1x6241 float",62
6192,0.046237,3463.851562,"1x6272 float","1x6272 float",58
6224,0.046637,4323.240723,"1x6304 float","1x6304 float",49
6256,0.054459,4196.212891,"1x6335 float","1x6335 float",69
6288,0.050251,4200.827148,"1x6368 float","1x6368 float",64
6320,0.049226,3440.433105,"1x6399 float","1x6399 float",63
6352,0.049759,3450.411621,"1x6431 float","1x6431 float",64
6384,0.050294,4206.895508,"1x6462 float","1x6462 float",65
6416,0.048491,3434.960938,"1x6496 float","1x6496 float",63
6448,0.047495,3443.061523,"1x6527 float","1x6527 float",62
6480,0.046501,3449.406006,"1x6559 float","1x6559 float",61
6512,0.045524,3449.313965,"1x6590 float","1x6590 float",60
6544,0.048316,3456.859131,"1x6623 float","1x6623 float",64
6576,0.047340,3468.226562,"1x6654 float","1x6654 float",63
6608,0.054592,3658.666504,"1x6686 float","1x6686 float",73
6640,0.051362,6083.069824,"1x6717 float","1x6717 float",69
6672,0.049615,3446.391602,"1x6752 float","1x6752 float",67
6704,0.050125,3736.788086,"1x6783 float","1x6783 float",68
6736,0.046955,3455.182129,"1x6815 float","1x6815 float",64
6768,0.045282,3456.262207,"1x6846 float","1x6846 float",62
6800,0.049426,3446.803711,"1x6879 float","1x6879 float",68
6832,0.054993,3636.684814,"1x6910 float","1x6910 float",76
6864,0.045376,3451.192383,"1x6942 float","1x6942 float",63
6896,0.052345,3646.187256,"1x6973 float","1x6973 float",73
6928,0.045669,3455.710449,"1x7007 float","1x7007 float",64
6960,0.053282,3656.746094,"1x7038 float","1x7038 float",75
6992,0.051627,3661.361328,"1x7070 float","1x7070 float",73
7024,0.050697,4221.662598,"1x7101 float","1x7101 float",72
7056,0.049061,3450.498535,"1x7134 float","1x7134 float",70
7088,0.046057,3457.537598,"1x7165 float","1x7165 float",66
7120,0.047242,3458.275391,"1x7197 float","1x7197 float",68
7152,0.053957,3658.446777,"1x7228 float","1x7228 float",78
7184,0.046806,3442.868164,"1x7264 float","1x7264 float",68
7216,0.053461,3643.742676,"1x7295 float","1x7295 float",78
7248,0.053228,3653.928223,"1x7327 float","1x7327 float",78
7280,0.051644,3650.702148,"1x7358 float","1x7358 float",76
7312,0.053443,3663.845703,"1x7391 float","1x7391 float",79
7344,0.045810,3484.500000,"1x7422 float","1x7422 float",68
7376,0.050979,3669.844727,"1x7454 float","1x7454 float",76
7408,0.050768,4240.655762,"1x7485 float","1x7485 float",76
7440,0.049874,3464.905518,"1x7519 float","1x7519 float",75
7472,0.045695,3451.158691,"1x7550 float","1x7550 float",69
7504,0.046162,3456.115234,"1x7582 float","1x7582 float",70
7536,0.045317,3459.301270,"1x7613 float","1x7613 float",69
7568,0.046430,3449.060059,"1x7646 float","1x7646 float",71
7600,0.052755,3643.991699,"1x7677 float","1x7677 float",81
7632,0.053185,3653.136230,"1x7709 float","1x7709 float",82
7664,0.051034,3649.782715,"1x7740 float","1x7740 float",79
7696,0.052090,3659.857422,"1x7775 float","1x7775 float",81
7728,0.049962,3587.666016,"1x7806 float","1x7806 float",78
7760,0.051671,3672.453613,"1x7838 float","1x7838 float",81
7792,0.053374,4320.966797,"1x7869 float","1x7869 float",70
7824,0.046191,3460.933594,"1x7902 float","1x7902 float",73
7856,0.049162,3546.420898,"1x7933 float","1x7933 float",78
7888,0.054614,3652.786133,"1x7965 float","1x7965 float",87
7920,0.052526,3650.946533,"1x7996 float","1x7996 float",84
7952,0.047945,3428.482910,"1x8030 float","1x8030 float",77
7984,0.054584,3633.964844,"1x8061 float","1x8061 float",88
8016,0.053750,3652.908203,"1x8093 float","1x8093 float",87
8048,0.052930,3657.866943,"1x8124 float","1x8124 float",86
8080,0.051490,3648.092285,"1x8157 float","1x8157 float",84
8112,0.045799,3487.709473,"1x8188 float","1x8188 float",75
8144,0.052311,3673.808105,"1x8220 float","1x8220 float",86
8176,0.053327,3909.800293,"1x8251 float","1x8251 float",88
8208,0.053995,4642.849609,"1x8297 float","1x8297 float",64
8240,0.052594,4134.791504,"1x8328 float","1x8328 float",73
8272,0.052392,4156.743164,"1x8360 float","1x8360 float",73
8304,0.052914,4110.638184,"1x8391 float","1x8391 float",74
8336,0.050570,4126.479980,"1x8424 float","1x8424 float",71
8368,0.049675,3953.121094,"1x8455 float","1x8455 float",70
8400,0.048780,3934.802002,"1x8487 float","1x8487 float",69
8432,0.050012,4155.784668,"1x8518 float","1x8518 float",71
8464,0.049813,3892.067627,"1x8552 float","1x8552 float",71
8496,0.049633,3881.381348,"1x8583 float","1x8583 float",71
8528,0.054324,4097.839844,"1x8615 float","1x8615 float",78
8560,0.054823,4028.654541,"1x8646 float","1x8646 float",79
8592,0.051849,4580.054688,"1x8679 float","1x8679 float",75
8624,0.053731,4162.655273,"1x8710 float","1x8710 float",78
8656,0.054221,4138.477539,"1x8742 float","1x8742 float",79
8688,0.051294,4163.140137,"1x8773 float","1x8773 float",75
8720,0.053815,4121.437012,"1x8808 float","1x8808 float",79
8752,0.048874,3939.503662,"1x8839 float","1x8839 float",72
8784,0.051403,4236.005859,"1x8871 float","1x8871 float",76
8816,0.049876,3879.549072,"1x8902 float","1x8902 float",74
8848,0.050364,4145.832031,"1x8935 float","1x8935 float",75
8880,0.047513,3911.587402,"1x8966 float","1x8966 float",71
8912,0.052678,4119.535645,"1x8998 float","1x8998 float",79
8944,0.047846,3901.885254,"1x9029 float","1x9029 float",72
8976,0.048328,3990.399170,"1x9063 float","1x9063 float",73
9008,0.054761,4670.411133,"1x9094 float","1x9094 float",83
9040,0.053912,4132.666992,"1x9126 float","1x9126 float",82
9072,0.047832,3916.422607,"1x9157 float","1x9157 float",73
9104,0.052231,4125.269531,"1x9190 float","1x9190 float",80
9136,0.046850,3929.715332,"1x9221 float","1x9221 float",72
9168,0.051227,4240.355957,"1x9253 float","1x9253 float",79
9200,0.049117,3895.102539,"1x9284 float","1x9284 float",76
9232,0.050215,4125.607422,"1x9320 float","1x9320 float",78
9264,0.054540,4059.617676,"1x9351 float","1x9351 float",85
9296,0.051796,4114.484375,"1x9383 float","1x9383 float",81
9328,0.049076,3882.699219,"1x9414 float","1x9414 float",77
9360,0.054621,4106.379883,"1x9447 float","1x9447 float",86
9392,0.051277,4568.290039,"1x9478 float","1x9478 float",81
9424,0.052997,4164.426758,"1x9510 float","1x9510 float",84
9456,0.047794,3928.076904,"1x9541 float","1x9541 float",76
9488,0.052010,4128.339355,"1x9575 float","1x9575 float",83
9520,0.049344,3908.792480,"1x9606 float","1x9606 float",79
9552,0.052293,4245.173340,"1x9638 float","1x9638 float",84
9584,0.049643,3898.724609,"1x9669 float","1x9669 float",80
9616,0.051330,4150.810059,"1x9702 float","1x9702 float",83
9648,0.049317,3894.688477,"1x9733 float","1x9733 float",80
9680,0.050998,4129.594727,"1x9765 float","1x9765 float",83
9712,0.054512,4057.703613,"1x9796 float","1x9796 float",89
9744,0.054928,4446.320801,"1x9831 float","1x9831 float",90
9776,0.051105,4157.314941,"1x9862 float","1x9862 float",84
9808,0.052153,4142.276367,"1x9894 float","1x9894 float",86
9840,0.051990,4158.657715,"1x9925 float","1x9925 float",86
9872,0.050613,4166.331055,"1x9958 float","1x9958 float",84
9904,0.048654,3947.858154,"1x9989 float","1x9989 float",81
9936,0.048498,3945.328125,"1x10021 float","1x10021 float",81
9968,0.050736,4148.092773,"1x10052 float","1x10052 float",85
10000,0.051160,4097.803711,"1x10086 float","1x10086 float",86
10032,0.054562,4055.868164,"1x10117 float","1x10117 float",92
10064,0.049069,3867.043457,"1x10149 float","1x10149 float",83
10096,0.048330,3882.593506,"1x10180 float","1x10180 float",82
10128,0.048761,3975.538574,"1x10213 float","1x10213 float",83
10160,0.050957,4473.240234,"1x10244 float","1x10244 float",87
10192,0.054885,4092.715820,"1x10276 float","1x10276 float",94
10224,0.047152,3906.954590,"1x10307 float","1x10307 float",81
10256,0.054524,4124.228516,"1x10344 float","1x10344 float",94
10288,0.054940,4048.499512,"1x10375 float","1x10375 float",95
10320,0.049582,3951.200439,"1x10407 float","1x10407 float",86
10352,0.054608,4044.738037,"1x10438 float","1x10438 float",95
10384,0.048706,3893.287598,"1x10471 float","1x10471 float",85
10416,0.054275,4048.117188,"1x10502 float","1x10502 float",95
10448,0.052971,4046.251953,"1x10534 float","1x10534 float",93
10480,0.051112,4146.939453,"1x10565 float","1x10565 float",90
10512,0.049250,3891.032959,"1x10599 float","1x10599 float",87
10544,0.053057,4372.867188,"1x10630 float","1x10630 float",94
10576,0.049522,3890.453857,"1x10662 float","1x10662 float",88
10608,0.053306,4056.688965,"1x10693 float","1x10693 float",95
10640,0.049786,3897.702148,"1x10726 float","1x10726 float",89
10672,0.054104,4048.084229,"1x10757 float","1x10757 float",97
10704,0.048939,3960.216309,"1x10789 float","1x10789 float",88
10736,0.052680,4054.975098,"1x10820 float","1x10820 float",95
10768,0.050299,4161.598145,"1x10855 float","1x10855 float",91
10800,0.054014,4048.926025,"1x10886 float","1x10886 float",98
10832,0.054406,4071.351562,"1x10918 float","1x10918 float",99
10864,0.051512,4156.334473,"1x10949 float","1x10949 float",94
10896,0.051903,4060.934082,"1x10982 float","1x10982 float",95
10928,0.053936,4287.567383,"1x11013 float","1x11013 float",99
10960,0.052694,4158.569824,"1x11045 float","1x11045 float",97
10992,0.053088,4059.413574,"1x11076 float","1x11076 float",98
11024,0.054545,4045.575195,"1x11110 float","1x11110 float",101
11056,0.051701,4060.166504,"1x11141 float","1x11141 float",96
11088,0.054775,4076.282471,"1x11173 float","1x11173 float",102
11120,0.051946,4056.150391,"1x11204 float","1x11204 float",97
11152,0.054463,4036.901855,"1x11237 float","1x11237 float",102
11184,0.052183,4048.224854,"1x11268 float","1x11268 float",98
11216,0.053097,4046.996094,"1x11300 float","1x11300 float",100
11248,0.049775,3897.799316,"1x11331 float","1x11331 float",94
11280,0.051201,4245.523438,"1x11367 float","1x11367 float",97
11312,0.049482,3924.061523,"1x11398 float","1x11398 float",94
11344,0.051969,4153.594238,"1x11430 float","1x11430 float",99
11376,0.053922,4047.177490,"1x11461 float","1x11461 float",103
11408,0.049069,3900.674805,"1x11494 float","1x11494 float",94
11440,0.047896,3911.773438,"1x11525 float","1x11525 float",92
11472,0.049321,3929.859375,"1x11557 float","1x11557 float",95
11504,0.053849,4045.641113,"1x11588 float","1x11588 float",104
11536,0.048529,3908.066895,"1x11622 float","1x11622 float",94
11568,0.054578,4051.483154,"1x11653 float","1x11653 float",106
11600,0.052375,4056.607910,"1x11685 float","1x11685 float",102
11632,0.047627,3912.273682,"1x11716 float","1x11716 float",93
11664,0.054643,4055.229004,"1x11749 float","1x11749 float",107
11696,0.052462,4228.451172,"1x11780 float","1x11780 float",103
11728,0.047240,3908.250488,"1x11812 float","1x11812 float",93
11760,0.049650,3912.668457,"1x11843 float","1x11843 float",98
11792,0.047483,3918.750000,"1x11878 float","1x11878 float",94
11824,0.048871,3919.391113,"1x11909 float","1x11909 float",97
11856,0.048237,3926.913086,"1x11941 float","1x11941 float",96
11888,0.048613,3920.421387,"1x11972 float","1x11972 float",97
11920,0.053478,4050.196777,"1x12005 float","1x12005 float",107
11952,0.047856,3917.464844,"1x12036 float","1x12036 float",96
11984,0.053199,4059.274414,"1x12068 float","1x12068 float",107
12016,0.053558,4059.640137,"1x12099 float","1x12099 float",108
12048,0.048957,3931.585449,"1x12133 float","1x12133 float",99
12080,0.052779,4070.964355,"1x12164 float","1x12164 float",107
12112,0.054116,4194.152344,"1x12196 float","1x12196 float",110
12144,0.051525,4189.822266,"1x12227 float","1x12227 float",105
12176,0.054323,4059.540771,"1x12260 float","1x12260 float",111
12208,0.054674,4060.787109,"1x12291 float","1x12291 float",112
12240,0.053558,4064.543213,"1x12323 float","1x12323 float",110
12272,0.050510,4193.973633,"1x12354 float","1x12354 float",104
12304,0.053744,4053.864746,"1x12392 float","1x12392 float",111
12336,0.052161,4057.644043,"1x12423 float","1x12423 float",108
12368,0.051546,4061.337402,"1x12455 float","1x12455 float",107
12400,0.051418,4060.073242,"1x12486 float","1x12486 float",107
12432,0.047927,3933.381836,"1x12519 float","1x12519 float",100
12464,0.051155,4068.945801,"1x12550 float","1x12550 float",107
12496,0.051025,4525.754395,"1x12582 float","1x12582 float",107
12528,0.052803,4187.946289,"1x12613 float","1x12613 float",111
12560,0.053610,4050.939453,"1x12647 float","1x12647 float",113
12592,0.053952,4165.401855,"1x12678 float","1x12678 float",114
12624,0.049567,3909.904297,"1x12710 float","1x12710 float",105
12656,0.052272,4167.954590,"1x12741 float","1x12741 float",111
12688,0.054955,4042.255859,"1x12774 float","1x12774 float",117
12720,0.048262,3896.231689,"1x12805 float","1x12805 float",103
12752,0.050012,4182.421875,"1x12837 float","1x12837 float",107
12784,0.047560,3901.580078,"1x12868 float","1x12868 float",102
12816,0.049756,3911.355469,"1x12903 float","1x12903 float",107
12848,0.046853,3915.519531,"1x12934 float","1x12934 float",101
12880,0.051365,4368.882812,"1x12966 float","1x12966 float",111
12912,0.054012,4174.389160,"1x12997 float","1x12997 float",117
12944,0.049731,3912.224609,"1x13030 float","1x13030 float",108
12976,0.047316,3908.126221,"1x13061 float","1x13061 float",103
13008,0.053616,4193.327637,"1x13093 float","1x13093 float",117
13040,0.051204,4182.564941,"1x13124 float","1x13124 float",112
13072,0.054264,4169.250977,"1x13158 float","1x13158 float",119
13104,0.049132,3907.117188,"1x13189 float","1x13189 float",108
13136,0.054913,4044.320557,"1x13221 float","1x13221 float",121
13168,0.054784,4038.364502,"1x13252 float","1x13252 float",121
13200,0.053293,4200.782715,"1x13285 float","1x13285 float",118
13232,0.048213,3931.591797,"1x13316 float","1x13316 float",107
13264,0.052592,4400.162109,"1x13348 float","1x13348 float",117
13296,0.051125,4179.360352,"1x13379 float","1x13379 float",114
13328,0.048751,3906.310547,"1x13415 float","1x13415 float",109
13360,0.050870,4184.311523,"1x13446 float","1x13446 float",114
13392,0.047633,3917.178223,"1x13478 float","1x13478 float",107
13424,0.050189,4183.865723,"1x13509 float","1x13509 float",113
13456,0.051396,4171.957031,"1x13542 float","1x13542 float",116
13488,0.048184,3902.857178,"1x13573 float","1x13573 float",109
13520,0.049835,3907.690918,"1x13605 float","1x13605 float",113
13552,0.047081,3909.885254,"1x13636 float","1x13636 float",107
13584,0.050914,4187.433594,"1x13670 float","1x13670 float",116
13616,0.049485,3924.314453,"1x13701 float","1x13701 float",113
13648,0.050681,4194.089844,"1x13733 float","1x13733 float",116
13680,0.054054,4173.179688,"1x13764 float","1x13764 float",124
13712,0.048706,3906.690918,"1x13797 float","1x13797 float",112
13744,0.047295,3911.512207,"1x13828 float","1x13828 float",109
13776,0.048052,3915.213379,"1x13860 float","1x13860 float",111
13808,0.047081,3915.515137,"1x13891 float","1x13891 float",109
13840,0.048255,3914.697754,"1x13926 float","1x13926 float",112
13872,0.045998,3910.295410,"1x13957 float","1x13957 float",107
13904,0.046322,3911.185547,"1x13989 float","1x13989 float",108
13936,0.047932,3915.398926,"1x14020 float","1x14020 float",112
13968,0.046538,3917.041992,"1x14053 float","1x14053 float",109
14000,0.047714,3920.641113,"1x14084 float","1x14084 float",112
14032,0.053131,4061.181641,"1x14116 float","1x14116 float",125
14064,0.052591,4192.943848,"1x14147 float","1x14147 float",124
14096,0.049080,3909.351562,"1x14181 float","1x14181 float",116
14128,0.046862,3917.813477,"1x14212 float","1x14212 float",111
14160,0.047599,3918.203613,"1x14244 float","1x14244 float",113
14192,0.054641,4055.293457,"1x14275 float","1x14275 float",130
14224,0.054934,4054.154785,"1x14308 float","1x14308 float",131
14256,0.047284,3917.125977,"1x14339 float","1x14339 float",113
14288,0.054693,4051.583984,"1x14371 float","1x14371 float",131
14320,0.054576,4054.066895,"1x14402 float","1x14402 float",131
14352,0.054020,4056.113281,"1x14439 float","1x14439 float",130
14384,0.051002,4220.895508,"1x14470 float","1x14470 float",123
14416,0.053786,4070.619141,"1x14502 float","1x14502 float",130
14448,0.054084,4060.746094,"1x14533 float","1x14533 float",131
14480,0.051490,6216.849609,"1x14566 float","1x14566 float",125
14512,0.047270,3922.685547,"1x14597 float","1x14597 float",115
14544,0.054549,4054.759766,"1x14629 float","1x14629 float",133
14576,0.048704,3933.120605,"1x14660 float","1x14660 float",119
14608,0.053491,4059.801270,"1x14694 float","1x14694 float",131
14640,0.050119,4176.854492,"1x14725 float","1x14725 float",123
14672,0.047571,3903.355957,"1x14757 float","1x14757 float",117
14704,0.049500,3929.666504,"1x14788 float","1x14788 float",122
14736,0.054652,4056.633789,"1x14821 float","1x14821 float",135
14768,0.054538,4055.271484,"1x14852 float","1x14852 float",135
14800,0.048374,3933.728027,"1x14884 float","1x14884 float",120
14832,0.047067,3937.176758,"1x14915 float","1x14915 float",117
14864,0.050569,4374.482422,"1x14950 float","1x14950 float",126
14896,0.052867,4214.599609,"1x14981 float","1x14981 float",132
14928,0.047958,3911.404297,"1x15013 float","1x15013 float",120
14960,0.049455,3913.728027,"1x15044 float","1x15044 float",124
14992,0.047755,3928.212402,"1x15077 float","1x15077 float",120
15024,0.054408,4058.735840,"1x15108 float","1x15108 float",137
15056,0.054293,4056.208984,"1x15140 float","1x15140 float",137
15088,0.054973,4048.325928,"1x15171 float","1x15171 float",139
15120,0.047747,3927.698242,"1x15205 float","1x15205 float",121
15152,0.049226,3943.509766,"1x15236 float","1x15236 float",125
15184,0.048729,3920.359131,"1x15268 float","1x15268 float",124
15216,0.047454,3930.851318,"1x15299 float","1x15299 float",121
15248,0.047352,4044.903320,"1x15332 float","1x15332 float",121
15280,0.051162,4192.983398,"1x15363 float","1x15363 float",131
15312,0.049886,3925.279785,"1x15395 float","1x15395 float",128
15344,0.049397,3936.728271,"1x15426 float","1x15426 float",127
15376,0.050446,4168.323242,"1x15462 float","1x15462 float",130
15408,0.054993,4058.825684,"1x15493 float","1x15493 float",142
15440,0.054879,4061.821289,"1x15525 float","1x15525 float",142
15472,0.048213,3936.984619,"1x15556 float","1x15556 float",125
15504,0.054654,4067.908691,"1x15589 float","1x15589 float",142
15536,0.054545,4059.986084,"1x15620 float","1x15620 float",142
15568,0.047534,3938.243896,"1x15652 float","1x15652 float",124
15600,0.053944,4072.067383,"1x15683 float","1x15683 float",141
15632,0.053064,4066.688721,"1x15717 float","1x15717 float",139
15664,0.053340,4764.265137,"1x15748 float","1x15748 float",140
15696,0.047909,3924.829590,"1x15780 float","1x15780 float",126
15728,0.054646,4046.321777,"1x15811 float","1x15811 float",144
15760,0.054153,4048.020508,"1x15844 float","1x15844 float",143
15792,0.054803,4066.251465,"1x15875 float","1x15875 float",145
15824,0.048281,3908.711914,"1x15907 float","1x15907 float",128
15856,0.053081,4054.418457,"1x15938 float","1x15938 float",141
15888,0.053340,4063.924805,"1x15973 float","1x15973 float",142
15920,0.053237,4063.117188,"1x16004 float","1x16004 float",142
15952,0.052382,4056.010498,"1x16036 float","1x16036 float",140
15984,0.054148,4070.902344,"1x16067 float","1x16067 float",145
16016,0.049565,3965.899170,"1x16100 float","1x16100 float",133
16048,0.053190,4072.834473,"1x16131 float","1x16131 float",143
16080,0.051599,4219.564941,"1x16163 float","1x16163 float",139
16112,0.050760,4216.559082,"1x16194 float","1x16194 float",137
16144,0.054351,4069.251221,"1x16228 float","1x16228 float",147
16176,0.054247,4071.734131,"1x16259 float","1x16259 float",147
16208,0.054140,4070.673584,"1x16291 float","1x16291 float",147
16240,0.049994,3901.453125,"1x16322 float","1x16322 float",136
16272,0.053562,4053.316406,"1x16355 float","1x16355 float",146
16304,0.053826,4064.194336,"1x16386 float","1x16386 float",147
16336,0.054452,4076.308594,"1x16418 float","1x16418 float",149
16368,0.052526,4063.611084,"1x16449 float","1x16449 float",144
16400,0.049830,3861.844727,"1x16496 float","1x16496 float",137
16432,0.046832,3926.255615,"1x16527 float","1x16527 float",129
16464,0.054713,4313.870605,"1x16559 float","1x16559 float",151
16496,0.047740,3642.633057,"1x16590 float","1x16590 float",132
16528,0.046201,3956.824951,"1x16623 float","1x16623 float",128
16560,0.054401,4191.606934,"1x16654 float","1x16654 float",151
16592,0.046386,3948.829590,"1x16686 float","1x16686 float",129
16624,0.054196,4222.311523,"1x16717 float","1x16717 float",151
16656,0.054445,4254.954102,"1x16751 float","1x16751 float",152
16688,0.045763,3970.131836,"1x16782 float","1x16782 float",128
16720,0.054241,4140.338867,"1x16814 float","1x16814 float",152
16752,0.054141,4165.961914,"1x16845 float","1x16845 float",152
16784,0.046570,3937.475098,"1x16878 float","1x16878 float",131
16816,0.048258,3919.955566,"1x16909 float","1x16909 float",136
16848,0.052771,4197.415039,"1x16941 float","1x16941 float",149
16880,0.052675,4437.843750,"1x16972 float","1x16972 float",149
16912,0.047275,3936.285889,"1x17007 float","1x17007 float",134
16944,0.054232,4189.589355,"1x17038 float","1x17038 float",154
16976,0.045694,3976.740723,"1x17070 float","1x17070 float",130
17008,0.054734,4154.625000,"1x17101 float","1x17101 float",156
17040,0.053928,4207.952637,"1x17134 float","1x17134 float",154
17072,0.054180,4211.156738,"1x17165 float","1x17165 float",155
17104,0.048148,3919.703857,"1x17197 float","1x17197 float",138
17136,0.054330,4170.072266,"1x17228 float","1x17228 float",156
17168,0.054571,4161.927246,"1x17262 float","1x17262 float",157
17200,0.053432,4189.873047,"1x17293 float","1x17293 float",154
17232,0.047446,3914.673096,"1x17325 float","1x17325 float",137
17264,0.053584,4185.010254,"1x17356 float","1x17356 float",155
17296,0.051412,4355.245117,"1x17389 float","1x17389 float",149
17328,0.046498,3957.095703,"1x17420 float","1x17420 float",135
17360,0.047101,3955.181152,"1x17452 float","1x17452 float",137
17392,0.050106,4295.530273,"1x17483 float","1x17483 float",146
17424,0.049660,3916.795654,"1x17519 float","1x17519 float",145
17456,0.046154,4051.552734,"1x17550 float","1x17550 float",135
17488,0.054601,4202.093262,"1x17582 float","1x17582 float",160
17520,0.054846,4160.367188,"1x17613 float","1x17613 float",161
17552,0.046923,3932.374023,"1x17646 float","1x17646 float",138
17584,0.054308,4171.760254,"1x17677 float","1x17677 float",160
17616,0.053532,4204.455566,"1x17709 float","1x17709 float",158
17648,0.049042,3866.969238,"1x17740 float","1x17740 float",145
17680,0.052999,4186.417969,"1x17774 float","1x17774 float",157
17712,0.054928,4378.943359,"1x17805 float","1x17805 float",163
17744,0.048775,3926.155273,"1x17837 float","1x17837 float",145
17776,0.053392,4197.164062,"1x17868 float","1x17868 float",159
17808,0.053293,4195.060547,"1x17901 float","1x17901 float",159
17840,0.053870,4179.096191,"1x17932 float","1x17932 float",161
17872,0.053774,4220.060547,"1x17964 float","1x17964 float",161
17904,0.053682,4168.820801,"1x17995 float","1x17995 float",161
17936,0.054908,4138.384277,"1x18030 float","1x18030 float",165
17968,0.052489,4216.389160,"1x18061 float","1x18061 float",158
18000,0.054054,4154.306641,"1x18093 float","1x18093 float",163
18032,0.054624,4135.722168,"1x18124 float","1x18124 float",165
18064,0.052872,4224.641602,"1x18157 float","1x18157 float",160
18096,0.054761,4355.920410,"1x18188 float","1x18188 float",166
18128,0.047091,3959.722900,"1x18220 float","1x18220 float",143
18160,0.053257,4189.169922,"1x18251 float","1x18251 float",162
18192,0.047252,3934.337402,"1x18285 float","1x18285 float",144
18224,0.054051,4181.366211,"1x18316 float","1x18316 float",165
18256,0.054611,4260.643555,"1x18348 float","1x18348 float",167
18288,0.053866,4183.048828,"1x18379 float","1x18379 float",165
18320,0.054421,4167.336914,"1x18412 float","1x18412 float",167
18352,0.054004,4207.174805,"1x18443 float","1x18443 float",166
18384,0.053911,4162.272461,"1x18475 float","1x18475 float",166
18416,0.052199,4192.574707,"1x18506 float","1x18506 float",161
18448,0.054037,4160.110352,"1x18543 float","1x18543 float",167
18480,0.053300,4311.248047,"1x18574 float","1x18574 float",165
18512,0.049661,3896.771973,"1x18606 float","1x18606 float",154
18544,0.053442,4194.428223,"1x18637 float","1x18637 float",166
18576,0.053026,4197.456055,"1x18670 float","1x18670 float",165
18608,0.052618,4199.600586,"1x18701 float","1x18701 float",164
18640,0.053809,4256.670410,"1x18733 float","1x18733 float",168
18672,0.054040,4164.161133,"1x18764 float","1x18764 float",169
18704,0.045643,3949.850342,"1x18798 float","1x18798 float",143
18736,0.054490,4162.938477,"1x18829 float","1x18829 float",171
18768,0.053444,4245.467285,"1x18861 float","1x18861 float",168
18800,0.049545,3900.666992,"1x18892 float","1x18892 float",156
18832,0.054531,4157.816895,"1x18925 float","1x18925 float",172
18864,0.045896,4129.360840,"1x18956 float","1x18956 float",145
18896,0.047082,4063.586182,"1x18988 float","1x18988 float",149
18928,0.047321,3968.731689,"1x19019 float","1x19019 float",150
18960,0.054162,4171.455078,"1x19054 float","1x19054 float",172
18992,0.045586,3971.957520,"1x19085 float","1x19085 float",145
19024,0.053356,4228.555664,"1x19117 float","1x19117 float",170
19056,0.054209,4232.949219,"1x19148 float","1x19148 float",173
19088,0.054116,4161.190430,"1x19181 float","1x19181 float",173
19120,0.053404,4170.254883,"1x19212 float","1x19212 float",171
19152,0.045832,3963.426514,"1x19244 float","1x19244 float",147
19184,0.052607,4190.022949,"1x19275 float","1x19275 float",169
19216,0.046300,3941.153076,"1x19309 float","1x19309 float",149
19248,0.053361,4176.424805,"1x19340 float","1x19340 float",172
19280,0.045220,4159.798828,"1x19372 float","1x19372 float",146
19312,0.050714,4282.370605,"1x19403 float","1x19403 float",164
19344,0.047849,3933.209229,"1x19436 float","1x19436 float",155
19376,0.054246,4176.676758,"1x19467 float","1x19467 float",176
19408,0.054157,4176.515137,"1x19499 float","1x19499 float",176
19440,0.054378,4234.183105,"1x19530 float","1x19530 float",177
19472,0.053358,4243.227539,"1x19566 float","1x19566 float",174
19504,0.053273,4176.283691,"1x19597 float","1x19597 float",174
19536,0.053798,4163.489746,"1x19629 float","1x19629 float",176
19568,0.052798,4177.145508,"1x19660 float","1x19660 float",173
19600,0.047834,3918.962891,"1x19693 float","1x19693 float",157
19632,0.053235,4152.534180,"1x19724 float","1x19724 float",175
19664,0.054667,4331.647949,"1x19756 float","1x19756 float",180
19696,0.049730,3908.761719,"1x19787 float","1x19787 float",164
19728,0.054790,4252.820312,"1x19821 float","1x19821 float",181
19760,0.045940,3957.594238,"1x19852 float","1x19852 float",152
19792,0.051901,4225.616211,"1x19884 float","1x19884 float",172
19824,0.054230,4208.943848,"1x19915 float","1x19915 float",180
19856,0.054442,4250.600586,"1x19948 float","1x19948 float",181
19888,0.054657,4252.577148,"1x19979 float","1x19979 float",182
19920,0.047074,3941.584961,"1x20011 float","1x20011 float",157
19952,0.054186,4227.716309,"1x20042 float","1x20042 float",181
19984,0.046621,3935.882568,"1x20077 float","1x20077 float",156
